commune,year,kontakt,burgle,violentcrime,violentcrime_rate,drug_smuggling,drug_total,drug_trafficking,murder,murderrate,age1565,lowbracket,pop,pctforeign,eAdminhead,eEducationhead,eHospitalHealthInsurance,eHousinghead,eSocialhead,eTotalhead,eTraffichead,eUtilitieshead,lowincome,lowincome_rate,sd_share,seatsCDP,seatsCPP,seatsCoPP,seatsDPP,seatsDR,seatsLDP,seatsPP,seatsSDP,seatsSLP,seatsSPP,seatsSlesvig,seatsUL,seatsmisc,totalseats,unemp_rate,unemployed,pct1565,crime_vtheft
Aabenraa,2004,51326,116,106,4.80921936,0,8,8,0,0,15588,1174,22041,0.053718071,4.469216347,7.517172337,0,0.543260276,28.47547722,41.5158577,0.930538535,-0.419808537,8523,0.386688441,0.380952388,0,0,3,1,0,6,0,8,0,1,1,0,1,21,0.038609862,851,0.707227468,222
Aabybro,2004,15907,33,12,1.060351729,0,2,2,0,0,7973,563,11317,0.022885924,3.741008997,9.275338173,0,0.746222496,20.39966393,34.31642532,0.808429778,-0.654236972,4101,0.3623752,0.294117659,0,0,0,0,0,9,0,5,0,2,0,0,1,17,0.043827869,496,0.704515338,45
Aalborg,2004,543531,789,584,3.577751875,0,35,35,1,6.13E-06,118579,7828,163231,0.046186078,4.296696186,8.443512917,0,0.94137758,26.79324341,40.14751053,0.901709855,-1.229031205,54986,0.336860031,0.387096763,0,1,3,2,0,9,0,12,1,3,0,0,0,31,0.04768702,7784,0.726449013,1373
Aalestrup,2004,16589,75,15,1.968245745,0,0,0,0,0,5096,508,7621,0.028998818,4.198005676,9.320036888,0,1.160346389,23.58128929,38.87849426,1.092507601,-0.473691106,2853,0.374360323,0.266666681,0,0,0,0,0,6,0,4,0,0,0,0,5,15,0.02755544,210,0.668678641,90
Aars,2004,24337,126,28,2.101786375,0,0,0,0,0,9067,768,13322,0.029349947,4.276910305,9.201170921,0,0.928539276,23.30198097,37.8949852,0.610944331,-0.424560875,5580,0.418856025,0.210526317,0,0,6,0,0,7,0,4,0,0,0,0,2,19,0.029425012,392,0.680603504,154
Aarup,2004,9339,35,3,0.55350554,0,0,0,0,0,3666,321,5420,0.026199263,4.935977936,9.367527962,0,0.975092232,24.30627251,40.02509308,1.051845074,-0.611623645,2222,0.409963101,0.333333343,0,0,2,1,0,5,0,5,1,0,0,0,1,15,0.025461255,138,0.676383793,38
Albertslund,2004,140094,227,164,5.754789829,2,5,3,0,0,21054,1800,28498,0.10586708,5.688118458,12.93308258,0,1.577198386,31.32402229,52.33700562,1.013229012,-0.198645517,11769,0.412976354,0.523809552,0,0,2,2,0,2,0,11,0,3,0,1,0,21,0.035581443,1014,0.738788664,391
Allerød,2004,25800,177,52,2.219850779,0,0,0,0,0,16190,1368,23425,0.033895411,4.965592384,10.86975479,0,0.921408772,19.58642387,37.07039642,1.032913566,-0.30569905,8946,0.381899685,0.142857149,0,0,6,0,0,6,0,3,1,4,0,0,1,21,0.018441835,432,0.691141963,229
Arden,2004,18143,27,15,1.755823493,0,0,0,1,0.000117055,5772,538,8543,0.025400912,3.884115696,9.421514511,0,0.418354213,23.34964371,37.34460831,0.827929318,-0.556947231,3313,0.387802869,0.466666669,0,0,0,0,0,5,0,7,0,0,0,0,3,15,0.034648251,296,0.675640881,42
Assens,2004,33662,43,48,4.438280106,0,2,2,0,0,7388,591,10815,0.037263062,4.654646397,8.555247307,0,0.787702262,28.45853043,42.78881073,0.726490974,-0.393804908,4340,0.4012945,0.466666669,0,0,2,1,0,5,0,7,0,0,0,0,0,15,0.03809524,412,0.683125317,91
Augustenborg,2004,8494,10,16,2.423141003,0,0,0,0,0,4547,347,6603,0.026805997,4.404967308,8.769195557,0,0.660608828,20.13554382,34.57458878,1.134635806,-0.53036499,2412,0.365288496,0.307692319,0,0,2,0,0,4,0,4,0,0,0,0,3,13,0.020899592,138,0.688626409,26
Aulum-Haderup,2004,8196,24,8,1.195100188,0,0,0,0,0,4566,396,6694,0.023005677,3.886913538,7.56931591,0,0.655064225,21.50687218,34.72721863,1.252912998,-0.143860176,2825,0.42201972,0.200000003,0,1,2,0,0,7,0,3,0,0,0,0,2,15,0.027487302,184,0.682103395,32
Ballerup,2004,146010,345,155,3.325466633,2,10,8,0,0,32951,2109,46610,0.0577773,5.662861824,9.870564461,0,0.909289837,33.45728302,50.28530502,0.569748998,-0.184445396,14948,0.320703715,0.639999986,0,0,2,1,0,4,0,16,0,2,0,0,0,25,0.02417936,1127,0.70695132,500
Billund,2004,14621,33,16,1.838024139,1,2,1,0,0,6085,442,8705,0.030557152,4.751866817,10.04284859,0,1.41838026,20.5337162,37.59919739,1.172544479,-0.320160836,3978,0.456978738,0.230769232,0,0,0,0,0,8,0,3,0,0,0,0,2,13,0.024928203,217,0.699023545,49
Birkerød,2004,37178,223,40,1.842044592,0,0,0,0,0,14626,1358,21715,0.055906057,4.27299118,10.37167835,0,0.639327645,22.08758926,37.65406418,0.536311328,-0.253833741,8304,0.38240847,0.117647059,0,0,4,0,0,5,0,2,1,0,0,0,5,17,0.019341469,420,0.673543632,263
Bjergsted,2004,27349,55,23,2.883651018,0,1,1,1,0.000125376,5644,491,7976,0.032848544,4.628510475,8.012036324,0,0.694207609,27.6915741,41.95473862,1.49536109,-0.566950858,2732,0.342527568,0.176470593,0,0,0,1,0,7,0,3,0,0,0,0,6,17,0.040371113,322,0.707622886,78
Bjerringbro,2004,29525,53,17,1.223990202,0,3,3,0,0,9500,717,13889,0.027863776,3.782489777,9.042263985,0,0.620203018,21.87090492,35.80704117,0.736986101,-0.245806038,5566,0.400748789,0.315789461,0,1,3,0,0,9,0,6,0,0,0,0,0,19,0.020447837,284,0.683994532,70
Blåbjerg,2004,7510,39,13,1.995089054,0,0,0,0,0,4324,393,6516,0.043124616,5.518723011,9.08011055,0,1.115408182,20.25230217,37.19935608,1.738643289,-0.505831778,2924,0.448741555,0.090909094,0,0,0,0,0,4,0,1,0,0,0,0,6,11,0.02102517,137,0.663597286,52
Blåvandshuk,2004,7012,2,14,3.205128193,0,0,0,1,0.000228938,2963,217,4368,0.038003664,5.763507366,10.30334282,0,1.389423132,20.69597054,39.18521118,1.865842462,-0.832875431,2181,0.499313176,0.230769232,0,0,2,0,0,4,0,3,0,0,0,0,4,13,0.020833334,91,0.678342462,16
Bogense,2004,13760,24,16,2.505088568,0,0,0,2,0.000313136,4376,335,6387,0.030530766,4.635196686,9.009551048,0,0.721308887,25.99279785,40.59057617,0.81196177,-0.580241144,2561,0.400970727,0.400000006,0,0,2,1,0,4,0,6,0,0,0,0,2,15,0.038046032,243,0.685141683,40
Bornholm (excl. Christiansø),2004,134961,33,158,3.617795944,0,8,8,2,4.58E-05,30078,2463,43673,0.032239597,6.363909245,10.06093025,620392,0.806837201,30.54232597,63.72964859,1.981475949,-0.231218368,17359,0.397476703,0.428571433,0,1,2,1,0,25,0,33,0,2,0,0,13,77,0.052343555,2286,0.688709259,191
Bov,2004,13417,62,44,4.38640213,13,13,0,0,0,7120,641,10031,0.100986943,4.723756313,8.66653347,0,0.686870694,23.10308075,38.22340775,1.577908516,-0.534742296,4266,0.425281614,0.352941185,0,0,3,1,0,7,0,6,0,0,0,0,0,17,0.030106669,302,0.709799647,106
Bramming,2004,29301,45,31,2.274728537,0,5,5,0,0,9268,742,13628,0.027370119,3.759906054,10.30209827,0,0.432858825,22.0755806,36.96632004,0.913046658,-0.517170548,5699,0.418183148,0.235294119,0,0,3,0,0,8,0,4,1,0,0,0,1,17,0.022967421,313,0.68007046,76
Bramsnæs,2004,24908,36,19,2.051171303,0,0,0,0,0,6569,469,9263,0.025801577,4.64288044,9.573140144,0,0.55219692,23.41962624,38.17035675,0.607794464,-0.62528336,3388,0.365756243,0.466666669,0,0,0,1,0,7,0,7,0,0,0,0,0,15,0.026773185,248,0.709165514,55
Brande,2004,11729,52,34,3.861442327,0,2,2,0,0,6004,450,8805,0.051788755,4.419875145,9.136854172,0,0.530607581,23.41283417,38.92731476,1.448040843,-0.020897217,3741,0.42487222,0.13333334,0,1,0,0,0,2,0,2,0,0,0,0,10,15,0.028279386,249,0.681885302,86
Bredebro,2004,6781,20,11,2.964160681,0,0,0,0,0,2493,256,3711,0.033683643,4.783616066,10.26381016,0,0.776340604,24.06197739,40.6022644,0.980867684,-0.264349222,1670,0.450013459,0.384615391,0,0,1,0,0,6,0,5,0,0,0,0,1,13,0.035839397,133,0.671786606,31
Broager,2004,13867,6,10,1.584032893,0,0,0,0,0,4345,391,6313,0.036591161,4.154443264,8.970378876,0,0.57532078,22.73895073,37.25106812,1.039917588,-0.227942348,2567,0.406621248,0.545454562,0,0,1,1,0,3,0,6,0,0,0,0,0,11,0.026928561,170,0.688262343,16
Broby,2004,12654,35,10,1.594133615,0,0,0,0,0,4308,312,6273,0.02136139,4.264785767,9.73856163,0,0.369201332,25.97114563,41.18906403,1.147935629,-0.302566558,2321,0.369998395,0.333333343,0,0,1,1,0,8,0,5,0,0,0,0,0,15,0.029172644,183,0.686752737,45
Brovst,2004,12467,19,9,1.07745719,0,0,0,0,0,5693,488,8353,0.024901234,4.132766724,8.894289017,0,0.798156381,23.8829155,38.55105972,0.980007172,-0.137076497,3087,0.369567811,0.411764711,0,0,0,1,0,6,0,7,0,0,0,0,3,17,0.044894051,375,0.681551516,28
Brædstrup,2004,14237,55,7,0.804782748,0,0,0,0,0,5941,458,8698,0.028282363,4.365831375,8.974592209,0,0.544722915,20.72568321,35.41526794,1.372154474,-0.567716718,3450,0.396642894,0.266666681,0,0,0,2,0,7,0,4,0,0,0,0,2,15,0.026212923,228,0.683030605,62
Brøndby,2004,139379,211,178,5.128500462,0,10,10,1,2.88E-05,24312,1903,34708,0.09951596,5.509652138,11.48922443,0,1.022156239,32.39457703,50.81390381,0.68652761,-0.28823325,12067,0.347672015,0.684210539,0,0,1,2,0,2,0,13,0,1,0,0,0,19,0.03103031,1077,0.700472534,389
Brønderslev,2004,48612,153,58,2.878269196,0,2,2,0,0,13721,1139,20151,0.024316411,4.199047089,8.746712685,0,0.583494604,26.21487808,39.47992706,0.930871904,-1.195077181,8411,0.417398632,0.428571433,0,0,1,1,0,9,0,9,0,1,0,0,0,21,0.041834153,843,0.680909157,211
Brørup,2004,8849,48,17,2.610164165,0,2,2,0,0,4399,327,6513,0.022723783,4.504836559,8.805005074,0,0.328880697,22.62336922,37.05250931,1.124673724,-0.334254563,2498,0.383540601,0.384615391,0,0,1,0,0,7,0,5,0,0,0,0,0,13,0.022877323,149,0.675418377,65
Børkop,2004,14965,60,36,3.201138258,0,0,0,0,0,7798,526,11246,0.021874445,3.948603868,8.783567429,0,0.695180535,21.18566513,34.77716446,0.81193316,-0.647785902,3973,0.35328117,0.533333361,0,0,0,0,0,5,0,8,0,0,0,0,2,15,0.024008537,270,0.693402112,96
Christiansfeld,2004,18901,51,23,2.395583868,0,0,0,0,0,6545,628,9601,0.024476618,4.21529007,9.103530884,0,0.582647622,21.91167641,35.56556702,1.049682379,-1.297260761,3781,0.393813133,0.176470593,0,0,2,2,0,7,0,3,1,2,0,0,0,17,0.025830643,248,0.681699812,74
Copenhagen,2004,,2428,2230,4.445206165,50,242,192,6,1.20E-05,381574,29742,501664,0.112858407,6.056131363,7.224674225,7146947,1.821021676,34.74154663,62.94519424,0.458549947,-1.603212476,141172,0.281407475,0.290909082,1,0,4,4,0,11,0,16,5,9,0,5,0,55,0.038539741,19334,0.76061666,4658
Dianalund,2004,18390,76,12,1.632875204,0,1,1,0,0,5070,426,7349,0.026942441,4.48401165,8.99428463,0,0.704857826,28.12464333,42.79153442,0.931419253,-0.447679967,2630,0.35787183,0.266666681,0,0,6,0,0,4,0,4,0,1,0,0,0,15,0.042999048,316,0.689889789,88
Dragsholm,2004,40017,101,30,2.190580606,0,0,0,0,0,9609,757,13695,0.025775831,4.102811337,8.911500931,0,0.808981359,28.59978104,43.28849792,0.988755047,-0.123329684,5840,0.426432997,0.428571433,0,0,3,1,0,6,0,9,0,2,0,0,0,21,0.030814165,422,0.701642931,131
Dragør,2004,16237,42,22,1.682471752,0,0,0,0,0,9023,800,13076,0.049174059,5.292291164,8.8885746,0,0.646604478,21.92941284,37.6799469,1.338788629,-0.415723473,5545,0.424059331,0.13333334,0,0,3,0,0,4,0,2,0,0,0,0,6,15,0.019960232,261,0.690042853,64
Dronninglund,2004,30982,107,21,1.367454529,0,1,1,0,0,10450,962,15357,0.023897897,3.834928751,8.197629929,0,0.933124959,24.9079895,38.4018364,1.109266162,-0.581103086,6412,0.417529464,0.285714298,0,0,1,0,0,9,0,6,0,1,0,0,4,21,0.04265156,655,0.68047142,128
Ebeltoft,2004,41731,31,26,1.74379611,0,0,0,0,0,10420,797,14910,0.034272302,4.805298328,8.63782692,0,0.488531172,25.95486259,40.83856583,1.443796158,-0.491750509,6040,0.405097246,0.210526317,0,0,0,0,0,5,0,4,0,5,0,0,5,19,0.041851107,624,0.698859811,57
Egebjerg,2004,23964,16,9,1.015342951,0,0,0,0,0,5981,501,8864,0.023465704,4.01658392,9.621276855,0,0.115861915,24.16662979,38.86529922,1.215478301,-0.270532489,3249,0.366538823,0.294117659,0,0,2,0,0,6,0,5,1,0,0,0,3,17,0.042644404,378,0.674751818,25
Egtved,2004,23994,106,13,0.856615722,0,0,0,0,0,10419,814,15176,0.022140222,3.359646797,9.038811684,0,0.355693191,20.32413101,33.83889008,1.285055399,-0.524446487,5541,0.36511597,0.210526317,0,0,2,2,0,10,0,4,0,1,0,0,0,19,0.025632577,389,0.686544538,119
Egvad,2004,14134,48,12,1.261962295,0,4,4,0,0,6380,545,9509,0.035229784,4.326217175,8.855084419,0,0.567777872,23.02534485,37.08202744,0.88474077,-0.57713747,4109,0.432116956,0.352941185,0,1,0,0,0,8,0,6,0,0,0,0,2,17,0.023977285,228,0.67094332,60
Ejby,2004,25863,78,13,1.293146253,0,0,0,0,0,6792,526,10053,0.027355019,4.259723663,8.47637558,0,0.497861326,26.49726486,40.75897598,1.128220439,-0.100467525,4359,0.433601916,0.294117659,0,0,1,1,0,7,0,5,1,1,0,0,1,17,0.026857654,270,0.675619245,91
Esbjerg,2004,352276,689,335,4.065731525,1,37,36,1,1.21E-05,58952,3812,82396,0.050560705,3.934001684,8.642895699,0,0.548363984,30.38214302,43.33666611,0.911136448,-1.08187294,29475,0.357723683,0.360000014,0,0,1,1,0,11,0,9,0,3,0,0,0,25,0.031154426,2567,0.715471625,1024
Faaborg,2004,21329,39,48,2.769603729,0,2,2,0,0,11786,972,17331,0.028099937,4.442155838,7.243898392,0,0.683745861,26.9679184,40.81668854,1.479487658,-0.000519301,7037,0.406035423,0.285714298,0,0,2,1,0,7,0,6,1,1,0,0,3,21,0.034446944,597,0.680053055,87
Fakse,2004,37513,107,26,2.099483252,0,1,1,0,0,8675,821,12384,0.027293282,4.59375,7.79578495,0,0.561773241,27.14623642,40.39042282,1.108930826,-0.816052973,5207,0.420461893,0.470588237,0,0,1,1,0,2,0,8,0,0,0,0,5,17,0.025839793,320,0.700500667,133
Fanø,2004,6155,2,9,2.84001255,0,0,0,0,0,2248,204,3169,0.038182393,6.031555653,7.995582104,0,1.580940366,21.609972,38.04102325,1.651309609,-0.828337014,1642,0.518144548,0.090909094,0,0,5,0,0,2,0,1,0,0,0,0,3,11,0.032502368,103,0.709372044,11
Farsø,2004,15409,109,29,3.580688953,0,0,0,0,0,5483,524,8099,0.030621065,3.682923794,8.373379707,0,0.634275854,26.01716232,38.93974686,1.073959708,-0.841955781,3153,0.38930732,0.200000003,0,0,2,0,0,6,0,3,0,0,0,0,4,15,0.029509816,239,0.676997185,138
Farum,2004,48301,195,61,3.295694113,0,0,0,0,0,12746,1207,18509,0.082608461,5.376573563,11.31098366,0,9.017072678,25.81284714,51.85990524,0.703495622,-0.361067593,8459,0.457020909,0.105263159,0,0,1,0,0,11,0,2,0,4,0,0,1,19,0.021286942,394,0.688637972,256
Fjends,2004,8840,8,10,1.229105115,0,0,0,0,0,5519,528,8136,0.026425762,3.840708017,9.052605629,0,0.553220272,19.80223656,34.01733017,0.842428684,-0.073869221,4101,0.504056036,0.200000003,0,0,0,1,0,8,0,3,2,1,0,0,0,15,0.025934121,211,0.678343177,18
Fjerritslev,2004,10167,25,18,2.113420248,0,0,0,0,0,5654,534,8517,0.022425737,4.232945919,9.629446983,0,0.56111306,23.31701279,38.44534302,1.036632657,-0.331806988,3787,0.44464013,0.235294119,0,0,0,0,0,7,0,4,0,0,0,0,6,17,0.03522367,300,0.663848758,43
Fladså,2004,15789,66,5,0.661988616,0,0,0,0,0,5338,482,7553,0.026214749,4.11624527,8.576459885,0,0.53290081,21.42883682,35.11465454,1.094664335,-0.634449899,3068,0.406196207,0.266666681,0,0,1,0,0,9,0,4,0,1,0,0,0,15,0.028333113,214,0.706739068,71
Fredensborg-Humlebæk,2004,45329,189,41,2.052257538,0,0,0,0,0,13855,1269,19978,0.046801481,4.331814766,9.93788147,0,0.69816798,24.4446888,38.87165833,0.852687955,-1.39358294,7791,0.389978975,0.263157904,0,0,4,1,0,6,0,5,1,2,0,0,0,19,0.023025328,460,0.693512857,230
Fredericia,2004,212554,382,198,4.052643299,0,11,11,0,0,34338,2205,48857,0.04136562,4.106781006,8.476410866,0,0.672165692,29.29660034,43.79196548,0.832101822,0.407904714,17517,0.358536124,0.428571433,0,0,2,1,0,6,0,9,0,2,0,0,1,21,0.037906542,1852,0.702826619,580
Frederiksberg,2004,341206,316,273,2.976417542,1,12,11,1,1.09E-05,67392,4072,91721,0.076590963,4.247849464,6.72713995,1467663,1.106431484,28.85941124,57.77941895,1.088605642,-0.251403719,22351,0.243684649,0.200000003,0,0,13,1,0,2,0,5,1,2,0,1,0,25,0.032893229,3017,0.734749973,589
Frederikshavn,2004,112938,135,103,3.010551453,0,1,1,0,0,24149,1736,34213,0.030631632,4.718323231,8.035279274,0,0.880571723,26.64107132,40.25300217,0.818314672,-0.840557694,12748,0.372606903,0.380952388,1,0,1,1,0,8,0,8,0,2,0,0,0,21,0.054862186,1877,0.705842793,238
Frederikssund,2004,41078,66,51,2.767227411,0,2,2,0,0,12981,835,18430,0.037655994,4.710309505,10.22772694,0,0.588551283,25.35029793,40.92094421,0.888551295,-0.844492674,6254,0.339338034,0.400000006,0,0,3,0,0,4,0,6,0,1,0,0,1,15,0.025990233,479,0.704340756,117
Frederiksværk,2004,49796,111,88,4.329856396,0,5,5,0,0,14456,960,20324,0.054369219,5.246161938,10.3591814,0,0.866856933,28.90134811,44.45871735,0.679000199,-1.593829989,6541,0.321836263,0.600000024,0,0,0,1,0,3,0,9,0,0,0,0,2,15,0.031932689,649,0.711277306,199
Fuglebjerg,2004,19725,25,20,3.046458483,0,0,0,0,0,4460,479,6565,0.021020563,5.414013863,8.859405518,0,0.71865958,25.49398232,41.08910751,1.050723553,-0.447677076,2972,0.452703744,0.200000003,0,0,3,0,0,4,0,3,0,0,0,0,5,15,0.034881949,229,0.679360271,45
Funen County,2004,,3422,1688,3.553070784,1,32,31,5,1.05E-05,332616,24787,475082,0.041277084,4.363244534,8.637978554,0,0.505476952,27.10278511,40.46319199,0.97351402,-1.119804621,184769,0.388920218,0.362549812,0,0,56,18,0,170,0,182,12,24,0,1,39,502,0.036187436,17192,0.70012337,5110
Galten,2004,25008,87,11,1.004199386,6,6,0,0,0,7691,529,10954,0.030765017,3.551396847,9.242012024,0,0.491692543,20.70339584,34.37054825,0.865802467,-0.483750224,4285,0.39118129,0.333333343,0,0,0,0,0,9,0,5,1,0,0,0,0,15,0.028665328,314,0.70211792,98
Gedved,2004,20342,86,12,1.193673611,0,0,0,0,0,6883,550,10053,0.026459763,3.897742033,9.389435768,0,0.205112904,21.49945259,35.18899918,0.79687655,-0.599622011,4101,0.407937914,0.333333343,0,0,1,0,0,7,0,5,0,0,0,0,2,15,0.026459763,266,0.684671223,98
Gentofte,2004,106160,475,150,2.183279037,0,3,3,1,1.46E-05,45938,5345,68704,0.062630996,3.968619108,8.355190277,0,1.202273488,22.51963425,35.71218491,0.695054173,-1.028586388,25480,0.370866328,0.05882353,0,0,10,0,0,2,0,1,1,1,0,0,2,17,0.021177806,1455,0.668636441,625
Give,2004,21021,85,27,1.90556848,0,0,0,0,0,9601,877,14169,0.029148141,3.649516582,9.795751572,0,0.320135504,22.02674866,36.58204651,1.658691525,-0.868798077,6181,0.436234027,0.05882353,0,1,0,2,0,5,0,1,0,0,0,0,8,17,0.022513939,319,0.677606046,112
Gjern,2004,15034,23,7,0.86880976,0,0,0,0,0,5458,431,8057,0.021472013,4.065409184,9.291050911,0,0.49770385,20.91994476,35.85664749,1.447437048,-0.364900082,3137,0.389350861,0.266666681,0,1,1,0,0,8,0,4,0,1,0,0,0,15,0.031525381,254,0.677423358,30
Gladsaxe,2004,222779,383,180,2.903553724,9,15,6,1,1.61E-05,42384,3225,61993,0.062313486,5.399980545,9.642572403,0,1.008533239,27.4260006,43.6879158,0.499411225,-0.288580954,22076,0.356104732,0.400000006,1,0,2,2,0,5,0,10,1,2,0,1,1,25,0.025389964,1574,0.683690071,563
Glamsbjerg,2004,11961,24,12,2.005682707,0,1,1,0,0,4059,354,5983,0.019722547,3.994818687,10.15059376,0,0.609058976,24.28397179,39.40063477,1.307370901,-0.945178032,2647,0.442420185,0.230769232,0,0,2,0,0,6,0,3,1,0,0,0,1,13,0.028079558,168,0.678422213,36
Glostrup,2004,80294,103,136,6.540662766,6,9,3,0,0,14531,808,20793,0.052229114,5.140143394,9.875727654,0,1.618573546,27.35824585,44.87255478,1.174962759,-0.295099318,6211,0.298706293,0.470588237,0,0,1,1,0,4,0,8,0,2,0,0,1,17,0.027461166,571,0.698840976,239
Gram,2004,8155,37,5,1.029230237,0,0,0,0,0,3263,291,4858,0.028818443,4.483943939,8.307945251,0,0.624536872,26.06422424,39.71511078,0.896253586,-0.66179496,1690,0.347879797,0.230769232,0,0,0,1,0,6,0,3,0,0,0,0,3,13,0.027789213,135,0.671675563,42
Grenaa,2004,84145,53,101,5.400780678,0,1,1,0,0,13001,914,18701,0.042136785,4.353082657,8.671567917,0,0.583712101,28.66199684,42.79990387,1.037698507,-0.508154631,7418,0.396663278,0.473684222,0,0,1,1,0,7,0,9,0,1,0,0,0,19,0.043794449,819,0.695203483,154
Greve,2004,111486,523,168,3.502115726,0,1,1,0,0,34589,2439,47971,0.050384607,5.088282585,9.948989868,0,0.758166373,21.70859528,37.65274811,0.746555209,-0.597840369,15915,0.33176294,0.285714298,0,0,1,2,0,11,0,6,0,1,0,0,0,21,0.027829314,1335,0.721039772,691
Grindsted,2004,37204,75,36,2.06445694,0,5,5,0,0,11773,836,17438,0.028271591,3.83427,8.451600075,0,0.873437345,23.69021606,36.88043213,1.09347403,-1.062564492,6392,0.36655581,0.368421048,0,0,0,1,0,9,0,7,0,0,0,0,2,19,0.024773484,432,0.675134778,111
Gråsten,2004,12710,19,13,1.790633678,0,1,1,1,0.000137741,4959,390,7260,0.053305786,4.645041466,7.734022141,0,0.966666639,23.66391182,37.45909119,1.112947702,-0.66349864,2675,0.368457288,0.538461566,0,0,1,1,0,3,0,7,0,0,0,0,1,13,0.027410468,199,0.683057845,32
Græsted-Gilleleje,2004,39586,168,43,2.048009157,0,1,1,0,0,14890,1296,20996,0.032577634,4.951323986,9.441702843,0,0.662221372,23.02267075,38.15598297,0.72213757,-0.644075036,7616,0.362735748,0.157894731,0,1,1,1,0,11,0,3,0,2,0,0,0,19,0.026719375,561,0.70918268,211
Gudme,2004,14725,15,7,1.107244492,0,0,0,0,0,4293,411,6322,0.030211959,3.891648293,9.175893784,0,0.24122113,25.8674469,39.91141891,1.277602077,-0.542391658,2675,0.423125595,0.200000003,0,0,2,1,0,8,0,3,0,0,0,0,1,15,0.035431825,224,0.67905724,22
Gundsø,2004,27636,211,17,1.094585061,0,0,0,1,6.44E-05,10942,808,15531,0.028587986,4.735561371,9.631897926,0,0.637177229,18.5058918,33.83890152,0.789453328,-0.461077839,5468,0.352070063,0.266666681,0,0,2,1,0,7,0,4,0,1,0,0,0,15,0.020603953,320,0.704526424,228
Gørlev,2004,19148,39,25,3.847929955,0,1,1,0,0,4510,374,6497,0.026473757,4.871787071,8.113898277,0,0.831306756,26.85870361,41.39479828,1.164691448,-0.445590258,2025,0.311682314,0.266666681,0,0,1,0,0,9,0,4,0,0,0,0,1,15,0.030475603,198,0.694166541,64
Haarby,2004,10622,22,11,2.204408884,0,2,2,0,0,3321,288,4990,0.025250502,4.648096085,9.020441055,0,0.299799591,23.64027977,38.02665329,0.965531051,-0.547495008,1728,0.346292585,0.230769232,0,0,3,1,0,5,0,3,1,0,0,0,0,13,0.033867735,169,0.665531039,33
Haderslev,2004,88974,160,176,5.573677063,0,3,3,0,0,22006,1690,31577,0.036672261,4.597491741,8.343572617,0,0.88830477,27.41973495,41.8433342,1.195807099,-0.601577103,12035,0.381131828,0.380952388,0,1,5,1,0,5,0,8,0,1,0,0,0,21,0.038635716,1220,0.696899652,336
Hadsten,2004,20977,49,31,2.647988558,0,0,0,0,0,8155,640,11707,0.024088152,4.073289394,9.071837425,0,0.322200388,21.00512505,35.08114624,1.00401473,-0.395319045,5129,0.438113958,0.411764711,0,0,1,1,0,7,0,7,0,1,0,0,0,17,0.028017426,328,0.696591794,80
Hadsund,2004,18876,41,28,2.569986343,0,0,0,0,0,7570,598,10895,0.027810922,3.614960909,8.032400131,0,0.400917858,23.5184021,36.25754929,1.085727453,-0.394860029,4803,0.440844417,0.529411793,0,0,0,0,0,7,0,9,0,0,0,0,1,17,0.036255162,395,0.694814146,69
Hals,2004,19504,62,17,1.493455172,0,0,0,0,0,7928,637,11383,0.024246683,4.159711838,9.599666595,0,0.639638066,20.86216354,35.7063179,0.799613476,-0.354475975,4390,0.385662824,0.529411793,0,0,1,0,0,7,0,9,0,0,0,0,0,17,0.043398049,494,0.696477175,79
Hammel,2004,23013,49,21,1.953306556,0,0,0,1,9.30E-05,7425,533,10751,0.026323132,4.095619202,8.863547325,0,0.63259232,22.39587021,36.26918411,0.846246839,-0.564691663,4358,0.405357629,0.400000006,0,0,2,0,0,5,0,6,2,0,0,0,0,15,0.02567203,276,0.690633416,70
Hanstholm,2004,17275,10,15,2.577762604,0,1,1,0,0,4121,331,5819,0.058085583,4.350232124,8.530331612,0,0.14933838,26.13679314,40.474823,1.764908075,-0.45677951,2427,0.417081982,0.384615391,0,0,2,0,0,4,0,5,0,0,0,0,2,13,0.025605774,149,0.708197296,25
Hashøj,2004,8038,32,5,0.769230783,0,0,0,0,0,4600,436,6500,0.025538461,4.792461395,7.832307816,0,0.484153837,22.70507622,36.33338547,1.205538511,-0.686153829,2581,0.397076935,0.400000006,0,0,1,0,0,4,0,6,1,0,0,0,3,15,0.031076923,202,0.707692325,37
Haslev,2004,45122,72,20,1.370895863,0,0,0,0,0,10247,794,14589,0.02988553,4.574062824,9.362875938,0,1.14195621,24.82946014,40.34107971,0.831996739,-0.399273425,5203,0.356638551,0.333333343,0,0,2,1,0,5,0,5,0,0,0,0,2,15,0.033929672,495,0.702378511,92
Hedensted,2004,19085,114,31,1.855842829,0,1,1,0,0,11360,835,16704,0.019875478,3.629070997,9.274964333,0,0.500119746,19.6859436,32.96665573,0.743354857,-0.866798401,7046,0.421815127,0.368421048,0,1,0,1,0,7,0,7,1,0,0,0,2,19,0.026760057,447,0.680076599,145
Helle,2004,13730,32,7,0.837320566,0,0,0,0,0,5609,490,8360,0.026555024,3.829904318,9.717225075,0,0.519019127,20.71878052,35.62428284,1.176674604,-0.337320566,3800,0.454545468,0.200000003,0,0,1,0,0,11,0,3,0,0,0,0,0,15,0.017703349,148,0.670933008,39
Helsinge,2004,38390,71,45,2.319826841,0,3,3,0,0,13745,1052,19398,0.032941539,4.277245045,8.015259743,0,0.757655442,23.19130898,36.09037018,0.818641126,-0.969739139,6636,0.342097133,0.176470593,0,0,1,1,0,7,0,3,0,5,0,0,0,17,0.028198784,547,0.708578229,116
Helsingør,2004,218930,712,257,4.218162537,0,11,11,1,1.64E-05,42545,3308,60927,0.060350914,4.660249233,8.965171814,0,1.014016747,31.06983757,45.59289169,0.870156109,-0.986541271,21953,0.360316455,0.280000001,0,0,13,1,0,2,0,7,0,2,0,0,0,25,0.026244523,1599,0.698294699,969
Herlev,2004,103156,179,96,3.520093918,0,3,3,2,7.33E-05,18810,1372,27272,0.071758583,4.283441067,10.25883675,0,1.27977407,29.37283707,45.75520706,0.667497814,-0.107179523,9406,0.344895869,0.684210539,0,0,1,1,0,2,0,13,0,2,0,0,0,19,0.025410678,693,0.689718366,275
Herning,2004,119737,347,153,2.588482141,0,10,10,2,3.38E-05,42134,2828,59108,0.043733504,3.72147584,8.09633255,0,0.532821298,24.58269691,37.35396194,0.929231226,-0.508594453,23522,0.397949517,0.238095239,0,1,1,1,0,9,0,5,4,0,0,0,0,21,0.028845504,1705,0.712830722,500
Hillerød,2004,90190,163,177,4.760623932,0,2,2,0,0,25713,1915,37180,0.043975256,4.798144341,10.34975815,0,0.816218376,25.26135063,40.76820755,0.727756858,-1.185018778,13988,0.376223773,0.523809552,0,1,2,1,0,4,0,11,0,1,0,0,1,21,0.023480365,873,0.691581488,340
Hinnerup,2004,25263,66,8,0.678483546,0,1,1,0,0,8181,654,11791,0.02832669,4.382071018,10.62276268,0,0.777372599,20.16792488,36.4668808,0.778983951,-0.262233913,5006,0.424561113,0.294117659,0,0,0,0,0,10,0,5,0,1,0,0,1,17,0.023831736,281,0.693834305,74
Hirtshals,2004,35961,93,51,3.574432373,0,1,1,0,0,9883,815,14268,0.038197365,4.586697578,9.740818977,0,0.653770685,24.77312851,39.70794678,0.787356317,-0.833823919,5944,0.416596591,0.157894731,0,0,1,1,0,4,0,3,0,0,0,0,10,19,0.047799271,682,0.692668915,144
Hjørring,2004,107177,270,156,4.41026783,0,2,2,0,0,24421,1806,35372,0.033698972,3.776094198,8.193486214,0,0.803743064,26.27097702,39.65252304,1.307022452,-0.698801339,14076,0.397941887,0.476190478,0,0,2,0,0,8,0,10,0,1,0,0,0,21,0.041812733,1479,0.690404832,426
Hobro,2004,34171,61,48,3.153330564,0,14,14,0,0,10457,786,15222,0.041190382,3.935816526,9.179410934,0,0.677900434,26.82531929,40.60543823,0.767836034,-0.780843496,5227,0.343384564,0.400000006,0,0,2,0,0,6,0,6,0,0,0,0,1,15,0.033438444,509,0.68696624,109
Holbæk,2004,105128,157,139,4.008998394,0,1,1,0,0,24629,1818,34672,0.046319798,3.802001715,9.19828701,0,0.849330842,26.93467331,41.43963242,0.941999316,-0.28665781,13195,0.380566448,0.333333343,0,0,2,1,0,5,0,7,5,1,0,0,0,21,0.027140055,941,0.710342646,296
Holeby,2004,16134,18,3,0.73909831,0,1,1,0,0,2880,210,4059,0.024636609,5.503325939,8.969450951,0,0.284060121,31.76151848,47.76324081,1.515644193,-0.270756334,1338,0.329637855,0.307692319,0,0,1,1,0,3,0,4,0,0,0,0,4,13,0.035969451,146,0.709534347,21
Holmegaard,2004,20250,58,11,1.519966841,0,0,0,0,0,5048,380,7237,0.027083045,4.418958187,9.785822868,0,1.079591036,22.87135506,38.83791733,1.000138164,-0.317949414,2992,0.413430989,0.615384638,0,0,2,0,0,3,0,8,0,0,0,0,0,13,0.023214038,168,0.697526574,69
Holmsland,2004,7416,7,22,4.137671471,0,0,0,0,0,3815,269,5317,0.042317096,4.841639996,8.439157486,0,0.560654521,19.89448929,33.6768837,0.750799298,-0.809855163,2428,0.456648499,0.090909094,0,0,0,0,0,0,0,1,0,0,0,0,10,11,0.029151777,155,0.717509866,29
Holstebro,2004,85861,186,138,3.35529685,0,1,1,0,0,29201,2168,41129,0.034574144,3.984487772,7.998006344,0,0.366529703,25.5105648,38.73376465,0.861168504,0.013007853,15305,0.372121871,0.238095239,0,1,0,1,0,10,0,5,3,1,0,0,0,21,0.026477668,1089,0.709985673,324
Holsted,2004,14253,29,7,1.004736662,0,1,1,0,0,4696,429,6967,0.03617052,4.18300581,8.557772636,0,0.406344205,24.08167076,38.3561058,1.620353103,-0.493038625,3266,0.468781412,0.200000003,0,0,1,1,0,7,0,3,0,0,0,0,3,15,0.021099469,147,0.674034715,36
Horsens,2004,275723,648,284,4.891407013,0,21,21,0,0,41599,2802,58061,0.056096174,4.495909691,8.243485451,0,0.714851618,29.13499641,42.14093781,0.937031746,-1.385336161,21404,0.368646771,0.479999989,0,0,2,1,0,8,0,12,0,2,0,0,0,25,0.03987186,2315,0.716470599,932
Hundested,2004,20626,56,33,3.379416227,0,9,9,0,0,6983,515,9765,0.037071172,5.365181923,9.367025375,0,1.051817775,26.81188011,42.9266777,0.724936008,-0.394162834,3386,0.34674859,0.545454562,0,0,1,1,0,2,0,6,0,1,0,0,0,11,0.026523298,259,0.715104938,89
Hvalsø,2004,15968,44,12,1.530807495,0,0,0,0,0,5580,432,7839,0.031253986,5.044520855,11.17043018,0,0.868860841,21.19556046,38.20027924,0.696389854,-0.775481582,3107,0.396351576,0.230769232,0,0,2,0,0,5,0,3,0,0,0,0,3,13,0.021431305,168,0.71182549,56
Hvidebæk,2004,12675,46,19,3.496503353,0,0,0,0,0,3788,311,5434,0.01472212,4.710158348,8.693043709,0,0.58630842,26.19194031,41.03845978,1.362716198,-0.50570482,1840,0.338608772,0.266666681,0,0,0,0,0,4,0,4,0,0,0,0,7,15,0.036989328,201,0.697092354,65
Hvidovre,2004,142514,492,168,3.363228559,1,6,5,2,4.00E-05,34831,2351,49952,0.066583924,5.543622017,8.506546021,0,1.083600283,30.10692215,45.53859711,0.927590489,-0.629684508,17168,0.343689948,0.523809552,0,0,1,1,0,3,0,11,0,1,0,0,4,21,0.036234785,1810,0.697289407,660
Hvorslev,2004,9037,34,8,1.171989441,0,0,0,0,0,4566,337,6826,0.023586288,4.601963043,8.83240509,0,0.485057145,21.71711159,36.80383682,1.611338973,-0.444037497,2158,0.316144168,0.333333343,0,0,2,0,0,8,0,5,0,0,0,0,0,15,0.025197772,172,0.668913007,42
Høje Taastrup,2004,170233,349,212,4.653613091,0,4,4,0,0,32954,2406,45556,0.086772323,5.847111225,11.4616518,0,0.879489005,27.17416,45.84647369,0.947559059,-0.463495493,16662,0.36574766,0.523809552,0,0,3,2,0,4,0,11,0,1,0,0,0,21,0.031170428,1420,0.723373413,561
Højer,2004,7120,8,11,3.722504139,0,1,1,0,0,1973,192,2955,0.058206432,5.786125183,7.661590576,0,0.74856174,25.4778347,40.70862961,1.375296116,-0.340778351,1293,0.437563449,0.384615391,0,0,1,0,0,4,0,5,0,0,1,0,2,13,0.027411168,81,0.667681873,19
Højreby,2004,15704,23,8,1.969473243,0,0,0,0,0,2826,255,4062,0.026341703,5.935499668,8.181437492,0,0.509847343,30.02240181,45.19029999,1.569177747,-1.028064966,1580,0.388970941,0.461538464,0,0,0,1,0,5,0,6,0,0,0,0,1,13,0.040866569,166,0.695716381,31
Høng,2004,15215,61,29,3.475551367,0,2,2,1,0.000119847,5718,579,8344,0.029362416,3.640100718,7.250119686,0,0.528283775,25.63350868,37.7020607,1.035834074,-0.385786206,3648,0.437200397,0.200000003,0,0,0,0,0,3,0,3,0,2,0,0,7,15,0.030441035,254,0.685282826,90
Hørning,2004,15026,50,18,2.121640921,0,0,0,0,0,5981,507,8484,0.022630835,4.462871075,9.408180237,0,0.356789261,20.35242844,35.15818024,1.040075421,-0.462164074,3576,0.421499282,0.461538464,0,0,2,0,0,5,0,6,0,0,0,0,0,13,0.029349364,249,0.704974055,68
Hørsholm,2004,34508,157,32,1.319805264,0,0,0,0,0,16277,1636,24246,0.051307432,4.859110832,9.072052956,0,1.063928127,20.97813988,36.4705925,0.742308021,-0.244947627,8982,0.370452851,0.06666667,0,0,7,0,0,4,0,1,0,0,0,0,3,15,0.019879568,482,0.671327233,189
Ikast,2004,43557,128,62,2.672989845,0,1,1,0,0,16381,1282,23195,0.047079112,4.107091904,7.421858311,0,0.839275718,23.73239899,36.9405899,1.000732899,-0.160767406,10861,0.468247473,0.294117659,0,1,3,1,0,7,0,5,0,0,0,0,0,17,0.036602717,849,0.706229806,190
Ishøj,2004,79157,217,145,6.987951756,0,6,6,0,0,15182,1219,20750,0.134072289,5.590313435,11.97894001,0,2.151277065,28.90997505,49.87026596,1.081253052,0.158506021,8020,0.386506021,0.588235319,0,0,1,2,0,2,0,10,0,2,0,0,0,17,0.041156627,854,0.731662631,362
Jelling,2004,10890,36,10,1.736714125,0,0,0,0,0,3868,342,5758,0.028134769,4.317645073,10.61514378,0,0.083362281,21.51545715,37.21674347,1.00712049,-0.321986794,2228,0.386939913,0.15384616,0,0,1,1,0,4,0,2,1,2,0,0,2,13,0.020666899,119,0.671761036,46
Jernløse,2004,9814,32,14,2.353732347,0,0,0,1,0.000168124,4210,365,5948,0.024882313,4.470746517,8.863147736,0,0.370376587,20.31556892,34.43510437,1.05934763,-0.644082069,2231,0.375084072,0.230769232,0,0,1,0,0,6,0,3,2,1,0,0,0,13,0.025386686,151,0.707800925,46
Juelsminde,2004,25897,75,29,1.88323915,0,0,0,0,0,10393,782,15399,0.026365349,3.747645855,8.189167976,0,0.426586151,21.92174911,34.4091835,0.783427477,-0.659393489,5915,0.384115845,0.210526317,0,0,2,1,0,10,0,4,0,1,0,0,1,19,0.025521137,393,0.674913943,104
Jægerspris,2004,22927,15,47,4.941126823,0,0,0,0,0,6744,490,9512,0.027964676,5.388877392,8.480761528,0,0.693229616,28.05561447,42.79930496,0.919259906,-0.738435686,2786,0.292893201,0.466666669,0,0,0,1,0,5,0,7,0,1,0,0,1,15,0.025756938,245,0.708999157,62
Kalundborg,2004,55647,101,97,4.855826855,0,3,3,0,0,14044,1053,19976,0.036143374,4.368692398,9.001551628,0,1.084701657,29.28414154,42.54044724,1.13626349,-2.33490181,7359,0.36839208,0.263157904,0,0,2,0,0,5,0,5,0,6,0,0,1,19,0.030937124,618,0.70304364,198
Karlebo,2004,76826,242,82,4.218975067,0,1,1,0,0,13850,1208,19436,0.089061536,4.939390659,11.72859669,0,0.604548275,27.77819443,45.44582367,0.754424751,-0.359333187,7205,0.370703846,0.294117659,0,0,1,1,0,7,0,5,0,1,0,0,2,17,0.022741305,442,0.712595165,324
Karup,2004,16440,13,12,1.795869589,0,2,2,0,0,4662,410,6682,0.019604908,4.830888748,8.205627441,0,0.804399908,25.1623764,39.79616928,0.876084983,-0.083208621,2657,0.39763543,0.333333343,0,0,1,4,0,5,0,5,0,0,0,0,0,15,0.026938042,180,0.697695315,25
Kerteminde,2004,23858,45,14,1.265136361,0,0,0,0,0,7604,608,11066,0.025754564,4.029188633,10.27769756,0,0.411621183,23.33761024,38.27679443,0.997289002,-0.776613057,4244,0.383517087,0.294117659,0,0,6,0,0,4,0,5,0,2,0,0,0,17,0.032712813,362,0.687149823,59
Kjellerup,2004,28892,33,19,1.360446811,0,1,1,0,0,9310,796,13966,0.024273235,3.453028679,7.839109421,0,0.615781188,21.96248055,34.6418457,1.166332483,-0.394887596,5779,0.413790643,0.411764711,0,0,1,0,0,7,0,7,0,0,0,0,2,17,0.026707718,373,0.666618943,52
Kolding,2004,215634,442,226,3.571315765,0,13,13,1,1.58E-05,45108,3020,63282,0.05312727,4.750434399,9.198239326,0,0.69868207,26.89497757,41.78752136,1.086564898,-0.841376722,23511,0.371527463,0.439999998,0,0,1,2,0,7,0,11,1,2,0,0,1,25,0.028159667,1782,0.712809324,668
Korsør,2004,74424,173,78,3.797098637,0,2,2,1,4.87E-05,14337,1117,20542,0.03232402,4.741699696,7.967578411,0,1.040794492,27.19564819,41.31243134,0.899717629,-0.533005536,7189,0.34996593,0.470588237,0,0,1,2,0,4,0,8,0,2,0,0,0,17,0.044786293,920,0.697935939,251
Køge,2004,152466,147,157,3.956054688,0,4,4,1,2.52E-05,28033,1887,39686,0.044474121,4.364964962,10.68379307,0,1.118958831,26.98228645,43.13407898,0.74371314,-0.759638131,14248,0.359018296,0.380952388,0,0,2,1,0,7,0,8,1,1,0,0,1,21,0.028397923,1127,0.706369996,304
Langebæk,2004,13154,36,11,1.734742165,0,3,3,0,0,4412,380,6341,0.024128687,4.736949921,7.984387398,0,0.506860137,22.57341194,36.31256866,0.921305776,-0.410345376,2363,0.37265417,0.333333343,0,0,2,0,0,5,0,5,0,0,0,0,3,15,0.038479734,244,0.695789337,47
Langeskov,2004,8636,70,10,1.585037231,0,0,0,0,0,4355,309,6309,0.029323189,4.346013546,9.974638939,0,0.712157249,21.6172142,36.73672485,1.093517184,-1.006815672,2113,0.33491838,0.384615391,0,0,3,1,0,4,0,5,0,0,0,0,0,13,0.030115707,190,0.690283716,80
Langå,2004,16794,35,15,1.795332193,0,2,2,0,0,5792,457,8355,0.027887493,4.046917915,8.856253624,0,0.621065259,22.71454239,37.22609329,1.388270497,-0.400957525,3705,0.443447024,0.411764711,0,0,0,1,0,7,0,7,0,0,0,0,2,17,0.03734291,312,0.693237603,50
Ledøje-Smørum,2004,9860,120,13,1.240458012,0,0,0,0,0,7554,513,10480,0.034446564,5.205057144,11.4475193,0,0.41164121,16.63387489,34.31708145,1.258587837,-0.639599264,3544,0.338167936,0.13333334,0,0,8,0,0,4,0,2,0,1,0,0,0,15,0.017652672,185,0.720801532,133
Lejre,2004,11000,40,12,1.392919302,0,0,0,0,0,6124,479,8615,0.026465468,3.939988375,9.923853874,0,0.109228089,16.32164764,30.58131218,1.122692943,-0.836099803,3607,0.418688327,0.200000003,0,0,0,0,0,8,0,3,1,1,0,0,2,15,0.018572258,160,0.710853159,52
Lemvig,2004,37376,25,30,1.635947227,0,2,2,0,0,12405,1181,18338,0.026720472,3.536590576,9.604755402,0,0.497164369,22.78530884,36.93183517,1.058457851,-0.550441682,8103,0.441869348,0.190476194,0,1,1,1,0,11,0,4,0,2,0,0,1,21,0.023666702,434,0.6764642,55
Lunderskov,2004,7988,14,3,0.548245609,0,0,0,0,0,3691,305,5472,0.025402047,4.103983879,10.16940784,0,1.435307026,20.92964172,37.48556137,1.414839149,-0.56761694,1970,0.360014617,0.230769232,0,0,0,0,0,5,0,3,0,0,0,0,5,13,0.024488304,134,0.674524844,17
Lundtoft,2004,12953,27,16,2.588159084,0,2,2,0,0,4197,387,6182,0.053380784,4.774668217,8.878194809,0,0.191685542,23.13862801,37.97428131,1.438207746,-0.447104484,2342,0.378841788,0.307692319,0,0,2,0,0,6,0,4,0,0,0,0,1,13,0.028146232,174,0.6789065,43
Lyngby-Taarbæk,2004,103317,264,75,1.456112742,0,5,5,0,0,34073,3154,51507,0.058613393,4.513599873,9.830022812,0,1.347195506,23.75523758,39.69984818,0.734482706,-0.48069194,17483,0.339429587,0.238095239,0,0,7,1,0,5,0,5,1,2,0,0,0,21,0.020055527,1033,0.661521733,339
Læsø,2004,1327,0,2,0.91869545,0,0,0,0,0,1488,120,2177,0.026642168,6.684887409,8.480937004,0,1.296738625,24.79053688,45.42259979,5.047312737,-0.877813518,1101,0.505741835,0.111111112,0,0,0,0,0,2,0,1,0,0,0,0,6,9,0.066605419,145,0.683509409,2
Løgstør,2004,25703,54,44,4.245465279,1,2,1,0,0,7104,551,10364,0.027306059,4.526051521,8.551041603,0,0.99199152,26.99064064,41.48842239,1.07854116,-0.6498456,3926,0.37881127,0.263157904,0,0,0,0,0,11,0,5,2,1,0,0,0,19,0.036954843,383,0.68544966,98
Løgumkloster,2004,10148,23,23,3.335266829,0,0,0,0,0,4583,422,6896,0.041183293,4.210991859,8.244779587,0,0.601943135,22.48230934,36.54858017,1.34454751,-0.335991889,3044,0.44141531,0.200000003,0,1,0,0,0,8,1,3,0,0,1,0,1,15,0.026102088,180,0.664588153,46
Løkken-Vrå,2004,17005,45,45,5.099728107,0,1,1,0,0,5966,540,8824,0.023118768,4.417271137,8.087262154,0,0.812330008,25.74161339,39.19345093,0.983340859,-0.848368108,3914,0.443563014,0.176470593,0,0,0,0,0,6,0,3,0,0,0,0,8,17,0.04385766,387,0.676110625,90
Mariager,2004,20091,25,25,2.991862059,0,2,2,0,0,5687,515,8356,0.022857826,4.40761137,8.725466728,0,0.251196742,24.35375786,39.08868027,1.644447088,-0.293800861,3289,0.393609375,0.333333343,0,0,3,1,0,5,0,5,0,0,0,0,1,15,0.034466252,288,0.680588782,50
Maribo,2004,49740,52,37,3.355096102,0,1,1,0,0,7596,542,11028,0.036996737,4.830703735,8.03019619,0,0.970982969,28.42990494,42.79461288,1.339590192,-0.806764603,3786,0.343307942,0.428571433,0,0,1,1,0,6,0,9,0,2,0,1,1,21,0.03318825,366,0.688792169,89
Marstal (-2005/2006),2004,5032,2,4,1.226617575,0,0,0,0,0,2220,197,3261,0.02238577,5.849125862,6.669733047,0,0.377184927,25.90984344,39.00705338,1.058877587,-0.857712328,1433,0.43943575,0.181818187,0,0,6,0,0,2,0,2,0,0,0,0,1,11,0.031892058,104,0.680772781,6
Middelfart,2004,54305,85,71,3.500986099,0,1,1,0,0,14039,949,20280,0.029585799,3.687721968,8.895414352,0,0.55266273,25.13742638,38.51045227,0.737080872,-0.499852061,7910,0.390039444,0.526315808,0,0,2,1,0,4,0,10,1,1,0,0,0,19,0.02948718,598,0.692258358,156
Midtdjurs,2004,27353,27,15,1.943256974,0,0,0,0,0,5253,444,7719,0.022282679,4.597875595,9.544630051,0,0.610053122,25.90037537,41.76771545,1.579738259,-0.464956611,3257,0.42194584,0.333333343,0,0,0,1,0,4,0,5,0,1,0,0,4,15,0.03925379,303,0.680528581,42
Morsø,2004,53344,70,49,2.164693356,0,0,0,0,0,15269,1265,22636,0.02102845,3.380500078,7.839282513,0,0.463288575,26.78962708,39.06242371,0.906697273,-0.316972971,9281,0.410010606,0.428571433,0,0,0,0,0,8,3,9,0,0,0,0,1,21,0.023414031,530,0.67454499,119
Munkebo,2004,16046,29,20,3.513703346,0,1,1,0,0,4004,271,5692,0.040934645,4.364546776,9.746837616,0,1.37368238,28.79954338,43.86138535,0.827125788,-1.250351429,1951,0.342761785,0.692307711,0,0,1,0,0,2,0,9,0,1,0,0,0,13,0.03706957,211,0.703443408,49
Møldrup,2004,16943,47,14,1.81394136,0,0,0,0,0,5118,477,7718,0.025783882,3.854496002,8.214045525,0,0.48237884,21.40723038,34.71197128,0.992614686,-0.238792434,3179,0.411894262,0.200000003,0,0,1,0,0,9,0,3,0,1,0,0,1,15,0.024617776,190,0.663125157,61
Møn,2004,35290,56,34,2.898303509,0,2,2,0,0,7965,657,11731,0.030005967,4.713494301,7.671554089,0,0.8342852,27.73480606,41.26007843,0.960787654,-0.654846132,4420,0.376779467,0.235294119,0,0,1,1,0,7,0,4,2,2,0,0,0,17,0.032989513,387,0.678970277,90
Nakskov,2004,85385,56,70,4.653945923,1,15,14,0,0,10296,760,15041,0.063160695,5.215344906,7.675287724,0,0.815171838,38.0529213,50.76623917,0.983378768,-1.97586596,5913,0.393125445,0.315789461,0,0,1,0,0,1,0,6,0,10,0,0,1,19,0.044345457,667,0.684528947,126
Nibe,2004,16438,48,17,2.080019474,0,1,1,0,0,5611,493,8173,0.023859048,4.245931625,8.197724342,0,0.731065691,24.33879852,38.13727951,1.066438317,-0.44267711,3261,0.398996711,0.352941185,0,0,0,0,0,10,0,6,0,1,0,0,0,17,0.035237979,288,0.686528802,65
Nordborg,2004,31917,50,39,2.773234606,0,0,0,0,0,9695,640,14063,0.033776578,3.688117743,8.250160217,0,0.947664082,23.74208832,37.44705963,1.363364816,-0.5443362,4166,0.296238363,0.529411793,0,0,1,1,0,5,0,9,0,1,0,0,0,17,0.020479271,288,0.689397693,89
Nyborg,2004,61119,56,82,4.354059219,0,4,4,1,5.31E-05,13147,872,18833,0.039823715,4.124993324,7.733446598,0,1.016566634,29.86672401,43.66218948,0.920458794,0,6903,0.366537452,0.294117659,0,0,2,1,0,6,0,5,0,1,0,0,2,17,0.033292625,627,0.698083162,138
Nykøbing-Falster,2004,94150,86,105,4.108141899,0,15,15,0,0,17892,1237,25559,0.039242536,4.581165314,7.450017452,0,0.87804687,29.41832542,42.527565,0.81986773,-0.619859934,10475,0.409836054,0.238095239,0,0,2,1,0,2,0,5,0,2,0,0,9,21,0.03176963,812,0.700027406,191
Nykøbing-Rørvig,2004,19901,32,48,6.41539669,0,0,0,0,0,5157,328,7482,0.031809676,4.635525227,6.426490307,0,0.893076718,30.87075615,42.95923615,1.214915752,-1.081529021,2907,0.38853249,0.400000006,0,0,2,0,0,6,0,6,0,1,0,0,0,15,0.028869286,216,0.689254224,80
Nysted,2004,14649,18,18,3.295495987,0,0,0,0,0,3760,360,5462,0.028560966,5.870010853,8.45953846,0,0.799890161,25.64170647,41.19278717,0.898755014,-0.477114618,2204,0.40351519,0.266666681,0,0,1,1,0,3,0,4,1,0,0,0,5,15,0.034602709,189,0.68839252,36
Næstved,2004,180811,230,163,3.402780771,0,5,5,0,0,34375,2228,47902,0.039246794,3.981503963,7.339255333,0,0.193749741,27.75508308,39.53565598,1.02304709,-0.756982982,16801,0.350736916,0.523809552,0,0,2,1,0,5,0,11,0,1,0,0,1,21,0.026679471,1278,0.717610955,393
Nørager,2004,13070,53,7,1.254930019,0,0,0,0,0,3674,351,5578,0.031373251,4.953746796,9.325385094,0,0.414485484,25.49910355,41.20795822,1.430978894,-0.415740401,2304,0.413051277,0.15384616,0,0,2,0,0,5,0,2,1,0,0,0,3,13,0.027608462,154,0.658659041,60
Nørhald,2004,23900,41,6,0.693641603,0,4,4,0,0,6003,501,8650,0.022774566,3.95572257,9.574335098,0,0.313063592,24.89075089,39.95514297,1.534450889,-0.313179195,3409,0.394104034,0.466666669,0,0,0,0,0,8,0,7,0,0,0,0,0,15,0.037919074,328,0.693988442,47
Nørre Aaby,2004,5983,46,15,2.764467478,0,0,0,0,0,3666,303,5426,0.022852931,4.139882088,9.206782341,0,0.374493182,22.92038345,37.54312515,1.328603029,-0.427018046,2728,0.502764463,0.400000006,0,0,0,1,0,6,0,6,0,0,0,0,2,15,0.023590121,128,0.675635815,61
Nørre Alslev,2004,17903,20,20,2.095996618,0,0,0,1,0.0001048,6601,587,9542,0.024732761,3.689058781,7.501572132,0,0.665059745,24.18643951,36.68004608,1.230769277,-0.592852652,3730,0.390903383,0.294117659,0,0,1,1,0,9,0,5,1,0,0,0,0,17,0.031754348,303,0.691783667,40
Nørre Djurs,2004,30084,23,34,4.431699753,0,0,0,0,0,5252,493,7672,0.027763296,4.371741295,9.037799835,0,0.254822731,25.39754868,39.88047409,1.350495338,-0.531934321,3481,0.453727841,0.333333343,0,0,1,1,0,5,0,5,0,0,0,0,3,15,0.036887381,283,0.684567273,57
Nørre Rangstrup,2004,21676,56,38,3.99117732,0,1,1,0,0,6498,671,9521,0.032034449,4.147148609,9.502048492,0,0.875958383,22.67146301,38.04915619,1.540069342,-0.687532842,4147,0.435563505,0.235294119,0,1,2,0,0,9,1,4,0,0,0,0,0,17,0.030353954,289,0.682491362,94
Nørre Snede,2004,16919,34,25,3.449227333,0,0,0,0,0,4886,430,7248,0.0321468,3.809050798,8.278973579,0,0.689155638,25.28311348,38.25358582,0.901628017,-0.708333313,3042,0.419701993,0.235294119,0,0,0,4,0,5,0,4,0,1,0,0,3,17,0.03049117,221,0.674116969,59
Odder,2004,50714,89,60,2.875904799,0,0,0,0,0,14337,1195,20863,0.029190432,3.643963099,8.778746605,0,0.37012893,23.76417542,37.21295929,0.974739969,-0.318794042,8141,0.390212327,0.368421048,0,0,3,0,0,6,0,7,0,1,0,0,2,19,0.029238364,610,0.687197447,149
Odense,2004,811977,2094,920,4.967441559,1,18,17,1,5.40E-06,133492,9160,185206,0.05970649,4.374988079,8.488596916,0,0.342888445,28.4934082,40.59854507,0.987441003,-2.088776827,68455,0.369615465,0.482758611,0,0,5,1,0,5,0,14,1,2,0,1,0,29,0.039977107,7404,0.720775783,3014
Otterup,2004,28735,38,32,2.933357954,0,0,0,0,0,7488,514,10909,0.024841873,4.307819366,9.255752563,0,0.684755683,23.47520447,38.12879181,0.704830885,-0.29956916,4057,0.371894777,0.411764711,0,0,0,1,0,9,0,7,0,0,0,0,0,17,0.033641946,367,0.686405718,70
Pandrup,2004,16477,50,35,3.2473557,0,0,0,0,0,7535,636,10778,0.028762294,4.107812405,8.524680138,0,0.91092968,25.15800667,40.08053589,1.399981499,-0.020875858,4572,0.424197435,0.411764711,0,0,0,1,0,9,0,7,0,0,0,0,0,17,0.062720358,676,0.699109316,85
Præstø,2004,14753,71,21,2.805611134,0,0,0,0,0,5168,521,7485,0.039412159,5.065464497,7.533734322,0,0.685771525,25.4578495,39.68416977,1.665197015,-0.723847687,2575,0.34402138,0.333333343,0,0,1,0,0,7,0,5,0,2,0,0,0,15,0.029525718,221,0.690447569,92
Purhus,2004,15873,67,9,1.049195647,0,1,1,0,0,5914,418,8578,0.025180696,3.968057871,10.14420605,0,0.56236887,22.03404045,37.60585403,1.035905838,-0.138726979,2804,0.32688272,0.466666669,0,0,1,1,0,6,0,7,0,0,0,0,0,15,0.032641642,280,0.689438105,76
Ramsø,2004,17714,51,7,0.758314371,0,0,0,0,0,6631,551,9231,0.023182753,4.809771538,9.839671135,0,0.652908683,22.27169228,37.8360939,0.874011457,-0.611959696,3960,0.428989261,0.533333361,0,0,1,0,0,6,0,8,0,0,0,0,0,15,0.020691149,191,0.718340397,58
Randers,2004,257389,610,307,4.940695763,5,25,20,1,1.61E-05,43911,2509,62137,0.041231472,3.99262929,8.076991081,0,0.570899785,31.06799507,43.9737854,0.598532259,-0.333263606,21654,0.348488033,0.280000001,0,0,3,1,0,6,0,7,0,1,0,0,7,25,0.039686501,2466,0.706680417,917
Ravnsborg,2004,21112,23,6,1.07009089,0,0,0,0,0,3835,380,5607,0.021936866,5.50472641,6.711075306,0,0.572855353,34.61351776,50.51507187,3.30836463,-0.195469946,2190,0.390583187,0.461538464,0,0,1,1,0,3,0,6,0,0,0,0,2,13,0.044052079,247,0.683966458,29
Ribe,2004,32725,63,32,1.766882062,0,3,3,0,0,12591,1051,18111,0.033515543,3.936060905,8.745182037,0,0.728617966,23.15929604,37.24531937,1.285903573,-0.609739959,8135,0.449174523,0.238095239,0,0,3,0,0,10,0,5,0,2,0,0,1,21,0.025454143,461,0.695212841,95
Ringe,2004,33518,51,38,3.401056051,0,0,0,0,0,7634,689,11173,0.024344401,4.082252026,8.376085281,0,0.765864134,26.16915703,40.10319519,1.111787319,-0.401951134,4810,0.430502117,0.263157904,0,0,1,1,0,10,0,5,1,1,0,0,0,19,0.029535487,330,0.683254302,89
Ringkøbing,2004,28376,24,40,2.240017891,0,7,7,0,0,12220,1007,17857,0.039872319,4.318026543,8.841966629,0,0.432715476,23.08478546,37.28840256,0.913535297,-0.302626431,8288,0.464131713,0.263157904,0,0,1,0,0,10,0,5,0,0,0,0,3,19,0.024584197,439,0.684325457,64
Ringkøbing County,2004,,1102,683,2.48517251,0,46,46,2,7.28E-06,190780,15117,274830,0.036113232,3.945937395,8.405927658,0,0.524142206,23.25714874,36.87797928,1.037790656,-0.292966574,114805,0.417730957,0.248344377,0,16,14,9,0,132,0,75,9,6,0,0,41,302,0.027329622,7511,0.694174588,1785
Ringsted,2004,100943,95,71,2.334144115,6,9,3,0,0,21378,1669,30418,0.045893878,4.273850918,9.583831787,0,0.814813614,25.49473953,40.30728531,1.145801783,-1.00575316,11476,0.377276599,0.333333343,0,0,1,3,0,6,0,7,1,2,0,0,1,21,0.03231639,983,0.702807546,166
Rosenholm,2004,26085,44,17,1.656112909,0,0,0,0,0,7067,529,10265,0.028933268,4.445981503,9.984413147,0,0.404578656,22.31271362,37.63263702,1.055918217,-0.570969284,3895,0.379444718,0.333333343,0,0,3,0,0,5,0,5,0,1,0,0,1,15,0.031173892,320,0.688455939,61
Roskilde,2004,148836,270,252,4.677233696,0,7,7,0,0,38554,2695,53878,0.050484426,5.96120882,9.47564888,0,0.9221946,26.21448517,39.87659073,0.615984261,-3.312929153,19615,0.364063263,0.280000001,0,0,4,1,0,8,0,7,1,4,0,0,0,25,0.023386169,1260,0.715579629,522
Rougsø,2004,21648,20,29,3.55871892,0,0,0,0,0,5602,528,8149,0.022579458,4.116087914,8.744508743,0,0.263345182,28.44999313,42.52877808,1.354031205,-0.399190098,3586,0.440053999,0.400000006,0,0,0,0,0,0,0,6,0,0,0,0,9,15,0.037059762,302,0.687446296,49
Rudbjerg,2004,11502,7,10,2.854696035,0,0,0,0,0,2442,226,3503,0.025406795,5.482158184,7.326006413,0,0.457322299,29.25863457,43.86411667,1.896374583,-0.556380272,1492,0.425920635,0.384615391,0,0,1,2,0,5,0,5,0,0,0,0,0,13,0.034827292,122,0.697116733,17
Rudkøbing,2004,26538,14,20,3.000750303,0,0,0,0,0,4530,343,6665,0.041260313,4.705176353,8.986796379,0,0.559939981,33.1566391,48.51072693,1.608552098,-0.506376565,2213,0.332033008,0.294117659,0,0,0,0,0,6,0,5,0,4,0,0,2,17,0.059564892,397,0.679669917,34
Ry,2004,15185,61,20,1.822655559,0,0,0,0,0,7532,699,10973,0.027704366,4.523740292,10.49722004,0,0.424040824,18.66244507,35.10744476,1.099152446,-0.099152468,5137,0.468149096,0.333333343,0,0,0,0,0,7,0,5,1,0,0,0,2,15,0.02816003,309,0.686412096,81
Ryslinge,2004,19332,39,14,2.000857592,0,0,0,0,0,4743,439,6997,0.026296984,4.992711067,8.956124306,0,0.76747179,26.3714447,41.34672165,0.727883399,-0.468915254,3162,0.451907963,0.333333343,0,0,0,0,0,5,0,5,1,2,0,0,2,15,0.032585394,228,0.677861929,53
Rødby,2004,47120,45,39,5.868191242,6,10,4,0,0,4629,328,6646,0.043033402,5.776557446,8.768131256,0,0.619169414,37.27836227,51.67755127,1.16099906,-1.925669551,2659,0.400090277,0.333333343,0,0,1,0,0,5,0,5,0,4,0,0,0,15,0.030544689,203,0.696509182,84
Rødding,2004,10433,113,28,2.584456205,0,0,0,0,0,7319,645,10834,0.022706294,4.325180054,8.635960579,0,0.482001096,20.64131355,34.49187851,1.120638728,-0.713217676,4285,0.395514131,0.315789461,0,0,1,0,0,12,0,6,0,0,0,0,0,19,0.022890899,248,0.675558448,141
Rødekro,2004,23059,127,34,2.928005457,0,1,1,0,0,8011,698,11612,0.032810885,3.950051785,8.69669342,0,0.728815019,21.11910057,35.06708527,0.987168431,-0.414743364,4397,0.378659993,0.70588237,0,0,1,0,0,4,0,12,0,0,0,0,0,17,0.032380298,376,0.689889789,161
Rødovre,2004,142366,378,85,2.335742235,1,5,4,1,2.75E-05,24933,1629,36391,0.060234673,4.956307888,9.737077713,0,1.144376397,30.44854546,46.32923126,0.654777288,-0.611854553,11484,0.31557253,0.526315808,0,0,1,2,0,3,0,10,1,2,0,0,0,19,0.031930972,1162,0.685141921,463
Rønde,2004,13192,36,14,1.988353848,0,0,0,0,0,4815,402,7041,0.036216445,4.218861103,9.653316498,0,0.372674346,23.09558296,37.89461899,1.084931135,-0.530748487,2585,0.367135346,0.384615391,0,0,0,0,0,5,0,5,1,0,0,0,2,13,0.033091892,233,0.683851719,50
Rønnede,2004,20388,60,12,1.655857563,1,2,1,0,0,5140,487,7247,0.02952946,5.581620216,8.660135269,0,0.744583964,23.20422173,38.61156464,0.942182958,-0.521181166,2977,0.410790682,0.333333343,0,0,1,1,0,7,0,5,0,0,0,0,1,15,0.026217746,190,0.709259033,72
Sakskøbing,2004,27311,64,39,4.156896591,0,2,2,0,0,6460,488,9382,0.029311448,4.037518501,7.223619461,0,0.885205686,28.4979744,41.22074127,0.884779394,-0.308356434,3710,0.395438075,0.470588237,0,0,2,1,0,5,0,8,0,1,0,0,0,17,0.034107868,320,0.688552558,103
Sallingsund,2004,7525,5,7,1.143977761,0,0,0,0,0,4102,355,6119,0.021735577,4.393528461,9.352018356,0,0.725935638,21.53538132,37.0308876,1.389279246,-0.365255773,2489,0.406765819,0.307692319,0,0,2,1,0,5,0,4,1,0,0,0,0,13,0.028109169,172,0.670370996,12
Samsø,2004,9353,6,16,3.812247038,0,0,0,0,0,2775,242,4197,0.022873482,4.941625118,7.592804432,0,0.687634051,27.80652809,41.29711533,1.030021429,-0.761496305,1568,0.373600185,0.15384616,0,0,4,0,0,3,0,2,0,2,0,0,2,13,0.053609721,225,0.661186576,22
Sejlflod,2004,21200,45,16,1.701946616,0,0,0,0,0,6445,506,9401,0.021806192,4.061163902,9.10488224,0,0.675247312,23.37166214,37.36272812,0.755664289,-0.605893016,3478,0.369960636,0.470588237,0,0,0,1,0,4,0,8,0,0,0,0,4,17,0.044676099,420,0.685565352,61
Silkeborg,2004,153447,198,131,2.406451464,1,10,9,2,3.67E-05,38319,2830,54437,0.033010636,3.802964926,8.778624535,0,0.577236056,25.59042549,38.75893402,0.787130058,-0.777449191,21358,0.392343432,0.380952388,0,0,2,1,0,8,0,8,0,2,0,0,0,21,0.032808568,1786,0.703914642,329
Sindal,2004,22820,48,19,2.013992071,0,0,0,0,0,6353,556,9434,0.026499894,3.843862534,9.306868553,0,0.617765546,22.84301376,37.72472,1.331672668,-0.21846512,3875,0.410748363,0.352941185,0,0,0,0,0,10,0,6,0,0,0,0,1,17,0.043989822,415,0.673415303,67
Skagen,2004,20094,40,46,3.824727535,0,0,0,0,0,8568,590,12027,0.022116903,4.962667465,8.623514175,0,0.996092141,26.72520256,40.4744339,0.772262394,-1.605304718,5173,0.430115581,0.411764711,0,0,1,0,0,9,0,7,0,0,0,0,0,17,0.049970899,601,0.712397099,86
Skanderborg,2004,53286,87,65,2.964517117,0,1,1,0,0,15424,1091,21926,0.034479614,3.298686504,9.79791069,0,0.573155165,23.60220718,37.49822235,0.838456631,-0.612195551,8699,0.396743596,0.315789461,0,0,1,1,0,10,0,6,0,1,0,0,0,19,0.025677279,563,0.703457057,152
Skibby,2004,16279,20,31,4.63794136,0,1,1,0,0,4837,371,6684,0.022591263,5.597396851,8.975613594,0,0.543387175,27.52019691,43.20481873,1.375972509,-0.807749867,2588,0.387193292,0.384615391,0,0,1,0,0,5,0,5,0,1,0,0,1,13,0.023488929,157,0.723668456,51
Skive,2004,66105,49,90,3.205813169,0,2,2,0,0,19723,1279,28074,0.031523831,4.109139919,8.043527603,0,0.919712186,25.01681328,38.12563324,1.116050482,-1.079611063,10563,0.376255602,0.428571433,0,0,3,2,0,5,0,9,1,1,0,0,0,21,0.02931538,823,0.702536166,139
Skjern,2004,14397,61,20,1.533036947,0,11,11,0,0,8720,671,13046,0.026521539,3.72344017,7.959067822,0,0.440671474,20.85880661,34.06323624,1.139582992,-0.058332056,5143,0.394220442,0.238095239,0,3,1,0,0,12,0,5,0,0,0,0,0,21,0.021155911,276,0.668404102,81
Skovbo,2004,31896,88,20,1.382743359,0,0,0,0,0,10257,819,14464,0.024681969,4.448562145,9.923464775,0,0.318238378,21.05192184,36.20865631,0.831927538,-0.365459085,5365,0.370920897,0.235294119,0,0,1,1,0,7,0,4,0,1,0,0,3,17,0.02392146,346,0.709139943,108
Skælskør,2004,43050,51,27,2.269098282,0,1,1,0,0,8185,671,11899,0.034288596,4.847550392,9.134633064,0,0.95966047,26.12530518,42.32069778,1.649886489,-0.39633584,4188,0.351962358,0.200000003,0,0,1,1,0,6,0,3,1,3,0,0,0,15,0.043869231,522,0.687872946,78
Skærbæk,2004,9305,27,30,4.092769146,0,3,3,0,0,5062,492,7330,0.042019099,4.382537365,8.79372406,0,0.270122796,23.54051781,37.12810516,1.172578454,-1.031377912,3347,0.45661664,0.352941185,0,0,1,0,0,9,0,6,0,0,0,0,1,17,0.030286495,222,0.690586627,57
Skævinge,2004,7506,23,15,2.548419952,0,0,0,0,0,4116,338,5886,0.031430513,5.576452732,11.28814125,0,0.532449901,20.03618813,38.04417419,1.312096477,-0.701155305,2191,0.372239202,0.181818187,0,0,5,0,0,4,0,2,0,0,0,0,0,11,0.018518519,109,0.699286461,38
Skørping,2004,19870,68,19,1.938973308,0,0,0,0,0,6690,587,9799,0.030411266,4.687314987,9.332279205,0,0.876824141,22.2994175,37.51280594,0.790999055,-0.474027961,4117,0.420144916,0.352941185,0,0,0,1,0,7,0,6,1,1,0,0,1,17,0.038575366,378,0.682722747,87
Slagelse,2004,120188,364,232,6.266713619,0,29,29,2,5.40E-05,26272,1703,37021,0.059506766,4.082736969,8.317144394,0,0.818103254,27.67367172,41.44920349,0.987223446,-0.429675043,11833,0.319629401,0.428571433,0,0,2,2,0,4,0,9,0,1,0,0,3,21,0.039275005,1454,0.709651291,596
Slangerup,2004,15659,101,19,2.071521997,0,0,0,0,0,6441,431,9172,0.031726994,4.854557514,10.64969444,0,1.301788092,20.85139465,37.55102539,0.966528594,-1.072939396,2928,0.319232434,0.230769232,0,0,1,1,0,7,0,3,0,1,0,0,0,13,0.018861754,173,0.702245951,120
Solrød,2004,39637,185,30,1.474998832,0,1,1,0,0,14679,1046,20339,0.032597471,4.254929066,9.883229256,0,0.812920988,18.21417046,33.7702446,0.623285294,-0.018289985,7128,0.350459695,0.13333334,0,0,1,1,0,8,0,2,0,1,0,0,2,15,0.026254978,534,0.721716881,215
Sorø,2004,37181,63,34,2.217584133,0,4,4,0,0,10613,876,15332,0.029154709,3.895317078,8.786329269,0,0.298721641,25.35676956,38.82905197,1.075724006,-0.583811641,5368,0.350117415,0.529411793,0,0,1,0,0,6,0,9,0,1,0,0,0,17,0.026480563,406,0.692212343,97
Spøttrup,2004,8487,8,18,2.263012409,0,0,0,0,0,5378,531,7954,0.0164697,3.654890537,9.839325905,0,0.594920814,21.50465202,36.29318619,1.140306711,-0.44091022,3579,0.449962288,0.400000006,0,0,0,0,0,6,0,6,3,0,0,0,0,15,0.026904702,214,0.676137805,26
Stenlille,2004,12474,20,18,3.26560235,0,0,0,0,0,3895,336,5512,0.019775037,4.563135147,10.18922329,0,0.634796798,25.78011703,41.94430161,0.982583463,-0.20555152,1773,0.32166183,0.15384616,0,0,0,1,0,6,0,2,0,0,0,0,4,13,0.032111757,177,0.706640065,38
Stenløse,2004,23639,117,32,2.413819075,0,3,3,0,0,9432,713,13257,0.02979558,5.560081482,10.30798817,0,1.155314207,21.63536263,39.08116531,0.655653596,-0.23323527,4746,0.357999533,0.200000003,0,0,3,0,0,8,0,3,0,1,0,0,0,15,0.020366598,270,0.711473167,149
Stevns,2004,29923,41,41,3.602812052,0,0,0,0,0,7968,684,11380,0.029613357,4.050439358,8.570650101,0,0.506326914,24.6289978,38.27556992,1.319771528,-0.800615132,4553,0.400087863,0.352941185,0,0,2,1,0,7,0,6,0,1,0,0,0,17,0.031282954,356,0.700175762,82
Struer,2004,48110,72,48,2.482287884,0,4,4,0,0,13537,1073,19337,0.033562601,3.819516897,8.347572327,0,0.484097838,22.26860428,35.82556915,1.120546103,-0.214769617,7384,0.381858617,0.421052635,0,0,1,1,0,8,0,8,0,1,0,0,0,19,0.033510886,648,0.700056911,120
Stubbekøbing,2004,21550,15,17,2.497796059,0,0,0,0,0,4618,404,6806,0.025565678,4.534821987,7.563767433,0,0.594328523,26.59021378,39.99015427,1.298119307,-0.591096103,2615,0.384219795,0.454545468,0,0,1,0,0,3,0,5,0,0,0,0,2,11,0.03379371,230,0.678518951,32
Støvring,2004,16809,64,15,1.162610531,0,0,0,0,0,8868,757,12902,0.025654938,3.716090441,9.948302269,0,0.389939547,18.56867218,33.52402878,1.228646755,-0.327623636,6034,0.467679441,0.263157904,0,0,0,1,0,11,0,5,1,0,0,0,1,19,0.036195938,467,0.687335312,79
Sundeved,2004,8612,16,5,0.955474854,0,1,1,0,0,3599,320,5233,0.028473152,4.407605648,9.474297523,0,0.346264094,18.65411758,33.86050034,1.301547885,-0.323332697,2358,0.450601935,0.230769232,0,0,0,0,0,3,0,3,0,0,0,0,7,13,0.025606727,134,0.687750816,21
Sundsøre,2004,7664,12,7,1.07230401,0,0,0,0,0,4375,415,6528,0.023284314,4.594822407,8.652113914,0,0.604626238,21.96032524,37.03216934,1.756433845,-0.536151946,2970,0.454963237,0.333333343,0,0,0,0,0,9,0,5,1,0,0,0,0,15,0.028186275,184,0.670189977,19
Suså,2004,20654,40,12,1.450676918,0,0,0,0,0,5798,500,8272,0.022001933,3.821083069,9.433027267,0,0.599975824,22.94970894,37.34840393,0.985251427,-0.440643132,2869,0.346832693,0.600000024,0,0,1,0,0,5,0,9,0,0,0,0,0,15,0.025749516,213,0.700918734,52
Svendborg,2004,143938,134,149,3.455873728,0,0,0,0,0,30320,2335,43115,0.040635511,4.744613171,8.022289276,0,0.600417495,29.46190453,42.71691895,0.704348862,-0.816653132,18032,0.418230325,0.380952388,0,0,3,1,0,5,0,8,1,2,0,0,1,21,0.036298271,1565,0.703235507,283
Svinninge,2004,18413,51,11,1.681442976,0,0,0,0,0,4563,358,6542,0.030877408,4.636044025,9.697493553,0,0.24610211,24.65010643,39.37312698,0.88489759,-0.741516352,2903,0.443748087,0.230769232,0,0,1,0,0,6,0,3,2,1,0,0,0,13,0.031794559,208,0.697493136,62
Sydals,2004,8930,7,8,1.229445219,0,0,0,0,0,4408,408,6507,0.035961274,3.939603567,9.240509987,0,0.639004171,20.65775299,35.22729492,1.359151721,-0.608729064,2749,0.422468126,0.230769232,0,0,2,0,0,3,0,3,0,0,0,0,5,13,0.023820501,155,0.677424312,15
Sydfalster,2004,15172,12,26,3.703703642,2,17,15,0,0,4977,364,7020,0.030769231,3.873646736,7.45868969,0,0.706125379,22.87635422,35.82834625,1.037321925,-0.123789176,2668,0.380056977,0.200000003,0,0,8,0,0,3,0,3,0,1,0,0,0,15,0.033475783,235,0.708974361,38
Sydlangeland,2004,5882,8,10,2.42306757,0,0,0,0,0,2789,262,4127,0.024715289,5.227041245,8.188272476,0,0.551974773,25.42016029,40.26169205,1.444390655,-0.570147812,1588,0.384783149,0.07692308,0,0,0,0,0,3,0,1,1,0,0,0,8,13,0.044584446,184,0.675793529,18
Sydthy,2004,21317,28,12,1.057455063,0,0,0,0,0,7559,725,11348,0.027229467,4.188227177,8.380243301,0,0.619404316,25.21043396,39.07005692,1.297056794,-0.625308454,5243,0.462019742,0.210526317,0,1,4,0,0,6,0,4,0,1,0,0,3,19,0.020796616,236,0.666108549,40
Sæby,2004,41379,75,29,1.613890648,0,0,0,0,0,12354,1104,17969,0.025766598,3.946240664,7.91463089,0,0.582837105,24.83165359,37.25315857,1.283822179,-1.306027055,7762,0.431966156,0.238095239,0,1,1,0,0,8,0,5,0,0,0,0,6,21,0.038955979,700,0.687517405,104
Søllerød,2004,50483,264,31,0.97998929,0,1,1,0,0,20644,2438,31633,0.055543263,4.368570805,9.870325089,0,1.230423927,21.18891716,36.9180603,0.802864075,-0.543040514,12201,0.385704815,0.13333334,0,0,3,0,0,8,0,2,1,1,0,0,0,15,0.018556571,587,0.652609646,295
Sønderborg,2004,116505,119,155,5.122781754,0,12,12,1,3.31E-05,21252,1497,30257,0.074329905,4.12212038,7.559771061,0,0.645933151,26.7209568,39.52807617,0.935419917,-0.456125855,10728,0.354562581,0.380952388,0,0,1,1,0,9,0,8,1,1,0,0,0,21,0.03556202,1076,0.702382922,274
Sønderhald,2004,15611,40,13,1.555209994,0,0,0,0,0,5676,399,8359,0.018782152,4.171671391,9.112573624,0,0.086852491,22.61059952,36.94102097,1.168201923,-0.208876655,3388,0.405311644,0.466666669,0,0,1,0,0,7,0,7,0,0,0,0,0,15,0.036726881,307,0.679028571,53
Søndersø,2004,22879,105,29,2.578006744,0,0,0,0,0,7833,594,11249,0.021335229,3.741488218,9.854298592,0,0.625122249,23.09627533,37.51382446,0.693483889,-0.496844172,4860,0.432038397,0.400000006,0,0,1,1,0,6,0,6,0,1,0,0,0,15,0.031113876,350,0.69632858,134
Them,2004,10595,40,11,1.587301612,0,0,0,0,0,4822,478,6930,0.031313132,4.662770748,10.1330452,0,0.694805205,19.40461731,35.62380981,1.25959599,-0.531024516,2977,0.429581523,0.272727281,0,0,0,0,0,5,0,3,0,1,0,0,2,11,0.032756131,227,0.695815325,51
Thisted,2004,55124,74,73,2.481811523,0,2,2,1,3.40E-05,20069,1655,29414,0.030291697,3.406949043,8.678248405,0,0.531039655,24.29298973,37.06336975,0.98986876,-0.835724473,12454,0.423403829,0.285714298,0,1,3,1,0,7,0,6,0,2,0,0,1,21,0.022642279,666,0.68229413,147
Thyborøn-Harboøre,2004,4241,4,7,1.463516593,0,1,1,0,0,3311,304,4783,0.023416266,5.538992405,9.686598778,0,0.505540431,23.77336311,39.22998047,1.130043864,-1.404557824,2072,0.433200926,0.384615391,0,0,0,0,0,2,0,5,0,0,0,0,6,13,0.038260505,183,0.692243338,11
Thyholm,2004,4759,11,23,6.406685352,0,0,0,0,0,2419,241,3590,0.015598886,5.250139236,7.221169949,0,0.699442923,21.83036232,36.10585022,1.360724211,-0.255988866,1896,0.52813369,0.363636374,0,0,3,0,0,4,0,4,0,0,0,0,0,11,0.032033425,115,0.673816144,34
Tinglev,2004,19726,39,29,2.840909243,0,0,0,0,0,7028,706,10208,0.067692004,4.246473312,8.803487778,0,0.448275864,23.94612122,37.8207283,1.094925523,-0.71855408,4596,0.450235099,0.235294119,0,1,1,1,0,7,0,4,0,0,3,0,0,17,0.032719437,334,0.688479602,68
Tjele,2004,22021,38,6,0.702000678,0,0,0,0,0,5721,539,8547,0.032526031,3.640224695,8.641511917,0,0.487773478,22.8112793,36.17760468,1.01661396,-0.419796407,3545,0.414765418,0.200000003,0,0,0,0,0,7,0,3,0,1,0,0,4,15,0.023985025,205,0.669357657,44
Tommerup,2004,15015,58,20,2.565747261,0,1,1,0,0,5352,438,7795,0.018345093,3.945349693,9.600384712,0,0.306863368,22.19307327,36.07427979,0.683899939,-0.655291855,3353,0.430147529,0.533333361,0,0,1,0,0,5,0,8,0,1,0,0,0,15,0.029890956,233,0.68659395,78
Tornved,2004,26994,66,19,2.084247589,0,0,0,0,0,6247,578,9116,0.031483106,4.230803013,9.801667213,0,0.307371646,27.79837608,42.04508591,0.760092139,-0.853225112,3338,0.366169363,0.400000006,0,0,1,0,0,8,0,6,0,0,0,0,0,15,0.035870995,327,0.685278654,85
Tranekær,2004,8132,8,11,3.136584044,0,0,0,1,0.000285144,2307,193,3507,0.030795552,4.631023884,8.11434269,0,0.52865696,28.92500687,42.43484497,0.65326488,-0.417450815,1224,0.349016249,0.363636374,0,0,1,1,0,5,0,4,0,0,0,0,0,11,0.043627031,153,0.657827199,19
Trehøje,2004,6682,21,17,1.709917545,0,0,0,0,0,6688,599,9942,0.023335345,3.081673622,9.769161224,0,0.343391657,18.82709694,33.04586792,1.152987361,-0.128444985,4277,0.430195123,0.176470593,0,2,0,0,0,10,0,3,0,0,0,0,2,17,0.019714342,196,0.672701657,38
Trundholm,2004,37418,62,31,2.740452528,0,1,1,0,0,7964,642,11312,0.024840876,4.306930542,8.708274841,0,0.872966766,30.99814415,45.48629761,0.899487257,-0.299504936,4559,0.403023332,0.235294119,0,0,1,1,0,7,0,4,2,1,0,0,1,17,0.029260961,331,0.70403111,93
Tårnby,2004,96063,165,106,2.681168556,14,28,14,0,0,27521,1873,39535,0.046338689,3.462729216,8.90246582,0,1.287795663,23.8331356,37.45938873,0.462020993,-0.488756806,13369,0.338156074,0.588235319,0,0,1,1,0,3,0,10,0,2,0,0,0,17,0.029821677,1179,0.696117342,271
Tølløse,2004,28769,54,19,1.947120309,0,0,0,0,0,6885,622,9758,0.030846484,4.150543213,8.816662788,0,0.414019257,24.23672867,37.920578,0.991596639,-0.688973129,4063,0.416376293,0.266666681,0,0,1,1,0,6,0,4,2,1,0,0,0,15,0.032178726,314,0.70557493,73
Tønder,2004,44544,38,45,3.586228848,1,2,1,0,0,8663,742,12548,0.052837107,4.124880314,8.29797554,0,0.708718538,25.11667252,38.77271271,1.181622624,-0.657156527,5494,0.437838703,0.285714298,0,0,3,0,0,8,0,6,0,1,1,0,2,21,0.031718202,398,0.690388918,83
Tørring-Uldum,2004,24376,94,14,1.129669905,0,0,0,0,0,8445,737,12393,0.020656822,3.698216677,9.653352737,0,0.633422077,23.16823959,37.85201263,1.123134017,-0.424352467,5235,0.422415882,0.263157904,0,0,1,2,0,7,0,5,0,0,0,0,4,19,0.02372307,294,0.681433082,108
Ulfborg-Vemb,2004,10255,21,17,2.43797493,0,2,2,0,0,4734,442,6973,0.031693675,4.404847145,8.373010635,0,0.753621101,23.69869423,38.14742661,1.198049664,-0.280797362,3051,0.437544823,0.266666681,0,0,0,2,0,8,0,4,0,1,0,0,0,15,0.027247956,190,0.678904355,38
Ullerslev,2004,6905,32,2,0.390701324,0,0,0,0,0,3497,254,5119,0.024809534,4.771244526,8.913264275,0,0.576284409,21.25024414,35.90115356,0.926157475,-0.536042213,2021,0.394803673,0.615384638,0,0,0,0,0,3,0,8,0,0,0,0,2,13,0.03281891,168,0.683141232,34
Vallensbæk,2004,11087,101,15,1.211436033,0,1,1,0,0,9066,578,12382,0.057987399,6.01558733,10.52745914,0,1.095622659,17.88749886,35.99184418,1.146987557,-0.681311607,3939,0.318123072,0.266666681,0,0,10,0,0,1,0,4,0,0,0,0,0,15,0.023098046,286,0.73219192,116
Vallø,2004,18526,61,14,1.362928271,0,2,2,0,0,7301,526,10272,0.025019471,4.630062103,7.913356781,0,1.07369554,22.67776489,36.27823257,0.755841136,-0.772488296,3814,0.371300638,0.266666681,0,0,1,1,0,9,0,4,0,0,0,0,0,15,0.027550623,283,0.71076715,75
Vamdrup,2004,14854,21,18,2.424242496,0,2,2,0,0,5052,390,7425,0.032996632,3.91986537,9.877171516,0,0.793535352,25.57050514,40.70518494,1.078383803,-0.534276068,2645,0.356228948,0.333333343,0,0,4,1,0,5,0,5,0,0,0,0,0,15,0.024646465,183,0.680404067,39
Varde,2004,51905,129,62,3.089495659,0,4,4,0,0,13873,940,20068,0.037721746,4.439854622,8.848863602,0,0.817570269,24.69932175,39.74422073,0.751744092,0.186864659,7580,0.377715766,0.294117659,0,0,3,0,0,9,0,5,0,0,0,0,0,17,0.026210884,526,0.691299558,191
Vejen,2004,31774,128,40,2.35876894,0,2,2,0,0,11583,925,16958,0.030840902,4.193772793,8.880351067,0,0.485375643,23.81654739,37.70615768,1.252742052,-0.922632396,6742,0.397570461,0.380952388,0,0,2,1,0,8,0,8,0,1,0,0,1,21,0.022231394,377,0.68304044,168
Vejle,2004,170999,558,198,3.551569462,1,23,22,0,0,39494,2490,55750,0.048089687,4.26981163,8.374797821,0,0.707121074,27.48371315,40.87218094,0.833470881,-0.796735406,19666,0.352753371,0.239999995,0,0,1,1,0,5,0,6,0,9,0,0,3,25,0.037022423,2064,0.708412528,756
Viborg,2004,104210,201,131,3.019685507,0,4,4,0,0,30872,2168,43382,0.033124339,3.796413183,8.467406273,0,0.70284909,26.78173065,40.53443909,1.117122293,-0.331082016,17209,0.396685272,0.523809552,0,0,2,0,0,7,0,11,0,1,0,0,0,21,0.02537919,1101,0.711631536,332
Videbæk,2004,12721,29,20,1.646361589,0,1,1,0,0,8158,688,12148,0.024366152,3.424432039,9.421468735,0,0.459993422,21.50032997,35.8152771,1.303095102,-0.294040173,5599,0.460898906,0.210526317,0,2,0,1,0,9,0,4,0,0,0,0,3,19,0.01967402,239,0.67155087,49
Vinderup,2004,12288,11,16,1.989307523,0,0,0,0,0,5389,549,8043,0.030212607,4.011314392,8.595673561,0,0.587840378,22.27701187,36.81810379,1.295909524,0.050354347,3237,0.402461767,0.176470593,0,1,0,1,0,8,0,3,2,1,0,0,1,17,0.02175805,175,0.67002362,27
Vissenbjerg,2004,16781,69,15,2.456600189,0,0,0,0,0,4274,314,6106,0.020307895,4.55486393,8.549295425,0,0.506223381,27.68571854,41.85194778,1.123812675,-0.567965925,2248,0.368162453,0.307692319,0,0,2,0,0,3,0,4,0,1,0,0,3,13,0.034392402,210,0.699967265,84
Vojens,2004,34104,84,38,2.262578011,0,0,0,0,0,11695,950,16795,0.024828818,3.635248661,8.691813469,0,0.683596313,23.11110497,36.45513535,0.970407844,-0.637034833,6221,0.37040785,0.428571433,0,0,1,1,0,10,0,9,0,0,0,0,0,21,0.03501042,588,0.696338177,122
Vordingborg,2004,94494,99,65,3.149987936,0,5,5,0,0,14522,1129,20635,0.027477587,4.57494545,7.850981236,0,0.832614481,27.67749023,41.36447906,0.873855114,-0.445408285,7531,0.364962429,0.473684222,0,0,2,1,0,5,0,9,1,1,0,0,0,19,0.030627575,632,0.703755736,164
Værløse,2004,31459,160,21,1.131039023,0,0,0,0,0,12574,1041,18567,0.039694082,4.750902176,9.843647003,0,0.920611858,23.49367142,39.4139061,1.219152212,-0.814078748,7016,0.377874732,0.200000003,0,0,4,0,0,5,0,3,2,1,0,0,0,15,0.01879679,349,0.677223027,181
Århus,2004,1495917,2803,1315,4.480256081,11,60,49,1,3.41E-06,216208,16117,293510,0.060038839,3.989441633,7.983274937,0,0.474399507,29.7484417,41.46302414,0.98585397,-1.718387842,112233,0.382382214,0.354838699,0,0,2,1,0,11,0,11,2,3,0,1,0,31,0.040458586,11875,0.736629069,4118
Århus County,2004,,4660,2325,3.55791831,23,113,90,5,7.65E-06,466701,34852,653472,0.044344671,4.031910896,8.55346489,0,0.490114331,27.1543541,40.18900681,0.984743059,-1.025581837,254113,0.388865948,0.354838699,0,1,31,11,0,164,0,154,7,22,0,1,43,434,0.036973275,24161,0.714186668,6985
Årslev,2004,17373,75,16,1.731414318,0,0,0,0,0,6316,519,9241,0.022724813,3.746347904,9.036035538,0,0.541391611,21.76539421,35.41067123,0.723190129,-0.401688129,4156,0.449734867,0.400000006,0,0,1,0,0,6,0,6,0,1,0,0,1,15,0.024997294,231,0.683475792,91
Åskov,2004,5193,31,16,2.280501604,0,0,0,0,0,4718,424,7016,0.042616874,4.073831081,8.512542725,0,0.671180189,20.88426399,35.22961807,1.354047894,-0.266248584,2968,0.423033059,0.230769232,0,1,1,0,0,7,0,3,0,0,0,0,1,13,0.022377424,157,0.67246294,47
Ærøskøbing (-2005/2006),2004,4293,2,5,1.336183906,0,0,0,0,0,2431,195,3742,0.021378942,6.21619463,7.394976139,0,0.578033149,27.93425941,43.3348465,1.663816094,-0.452431858,1129,0.301710308,0.384615391,0,0,1,0,0,4,0,5,0,1,0,0,2,13,0.033137359,124,0.6496526,7
Ølgod,2004,15480,48,19,1.666959167,0,7,7,0,0,7518,694,11398,0.030092999,3.773819923,9.358221054,0,0.63247937,21.7113533,36.02640915,1.137480259,-0.586945057,5417,0.475258827,0.05882353,0,0,0,0,0,6,0,1,0,0,0,0,10,17,0.019652572,224,0.65958941,67
Ølstykke,2004,13254,142,21,1.414331794,0,0,0,0,0,10733,687,14848,0.032260235,4.549366951,12.16776657,0,1.404364228,18.68514252,37.07421875,0.681034505,-0.413456351,4911,0.330751628,0.333333343,0,0,2,0,0,7,0,5,0,1,0,0,0,15,0.020743534,308,0.72285831,163
Ørbæk,2004,15859,31,14,2.050981522,0,0,0,0,0,4605,418,6826,0.019777322,3.950922966,8.797831535,0,0.454585403,1,38.5279808,1.087459683,-0.536771178,3026,0.443305016,0.333333343,0,0,1,0,0,7,0,5,0,1,0,0,1,15,0.036331672,248,0.67462641,45